transaction_id,merchant_id,order_id,amount,currency,payment_method,gateway_status,gateway_timestamp,error_code,error_description
TXN100000,MERCH1018,order_000001,499.30,INR,card,captured,2026-04-02T07:50:00,,
TXN100001,MERCH1027,order_000002,999.29,INR,card,failed,2026-06-20T02:28:00,CARD_DECLINED,Issuer declined the payment
TXN100002,MERCH1029,order_000003,4999.34,INR,wallet,captured,2026-02-07T07:23:00,,
TXN100003,MERCH1018,order_000004,7999.71,INR,upi,captured,2026-03-01T16:50:00,,
TXN100004,MERCH1010,order_000005,799.15,INR,upi,captured,2026-05-18T04:16:00,,
TXN100005,MERCH1011,order_000006,149.98,INR,upi,captured,2026-01-07T01:47:00,,
TXN100006,MERCH1027,order_000007,799.33,INR,upi,captured,2026-02-02T06:26:00,,
TXN100007,MERCH1030,order_000008,2499.91,INR,upi,captured,2026-05-26T11:32:00,,
TXN100008,MERCH1014,order_000009,149.25,INR,netbanking,captured,2026-03-10T08:01:00,,
TXN100009,MERCH1006,order_000010,799.06,INR,netbanking,failed,2026-04-16T22:16:00,PG_502,Issuer declined the payment
TXN100010,MERCH1009,order_000011,149.41,INR,upi,captured,2026-03-13T12:45:00,,
TXN100011,MERCH1023,order_000012,1499.24,INR,netbanking,captured,2026-01-29T11:27:00,,
TXN100012,MERCH1012,order_000013,499.62,INR,upi,captured,2026-06-10T10:06:00,,
TXN100013,MERCH1008,order_000014,799.43,INR,upi,captured,2026-03-10T23:21:00,,
TXN100014,MERCH1019,order_000015,499.66,INR,card,failed,2026-05-17T03:53:00,CARD_DECLINED,Issuer declined the payment
TXN100015,MERCH1013,order_000016,1499.77,INR,wallet,captured,2026-02-10T19:07:00,,
TXN100016,MERCH1011,order_000017,7999.72,INR,card,captured,2026-03-10T18:01:00,,
TXN100017,MERCH1023,order_000018,4999.88,INR,upi,captured,2026-02-05T15:39:00,,
TXN100018,MERCH1001,order_000019,799.25,INR,netbanking,captured,2026-01-26T20:03:00,,
TXN100019,MERCH1020,order_000020,499.96,INR,card,captured,2026-04-05T04:40:00,,
TXN100020,MERCH1018,order_000021,149.51,INR,wallet,captured,2026-06-23T20:41:00,,
TXN100021,MERCH1019,order_000022,7999.81,INR,netbanking,captured,2026-02-28T19:58:00,,
TXN100022,MERCH1004,order_000023,4999.55,INR,netbanking,refunded,2026-04-13T02:10:00,,
TXN100023,MERCH1020,order_000024,999.07,INR,wallet,captured,2026-03-26T13:35:00,,
TXN100024,MERCH1003,order_000025,299.63,INR,upi,captured,2026-04-11T03:04:00,,
TXN100025,MERCH1006,order_000026,4999.32,INR,upi,captured,2026-03-23T11:45:00,,
TXN100026,MERCH1012,order_000027,999.12,INR,card,captured,2026-06-26T15:31:00,,
TXN100027,MERCH1030,order_000028,299.11,INR,wallet,captured,2026-06-16T10:27:00,,
TXN100028,MERCH1013,order_000029,4999.90,INR,wallet,captured,2026-06-27T21:58:00,,
TXN100029,MERCH1021,order_000030,2499.83,INR,upi,captured,2026-01-26T16:46:00,,
TXN100030,MERCH1018,order_000031,499.21,INR,netbanking,captured,2026-06-28T10:00:00,,
TXN100031,MERCH1027,order_000032,2499.94,INR,upi,captured,2026-04-13T20:08:00,,
TXN100032,MERCH1008,order_000033,299.85,INR,upi,captured,2026-02-24T19:41:00,,
TXN100033,MERCH1015,order_000034,999.96,INR,wallet,captured,2026-05-12T16:28:00,,
TXN100034,MERCH1030,order_000035,299.02,INR,wallet,captured,2026-05-04T23:41:00,,
TXN100035,MERCH1021,order_000036,499.62,INR,card,captured,2026-06-16T09:03:00,,
TXN100036,MERCH1012,order_000037,1499.80,INR,card,captured,2026-05-03T20:53:00,,
TXN100037,MERCH1004,order_000038,2499.03,INR,wallet,captured,2026-01-09T05:07:00,,
TXN100038,MERCH1008,order_000039,149.93,INR,wallet,captured,2026-05-02T20:32:00,,
TXN100039,MERCH1030,order_000040,999.16,INR,card,captured,2026-04-03T17:46:00,,
TXN100040,MERCH1005,order_000041,999.89,INR,upi,captured,2026-03-13T02:01:00,,
TXN100041,MERCH1024,order_000042,999.35,INR,upi,captured,2026-04-14T12:45:00,,
TXN100042,MERCH1017,order_000043,7999.32,INR,netbanking,captured,2026-01-30T13:34:00,,
TXN100043,MERCH1029,order_000044,7999.12,INR,wallet,captured,2026-01-06T13:00:00,,
TXN100044,MERCH1001,order_000045,149.13,INR,netbanking,captured,2026-01-18T13:56:00,,
TXN100045,MERCH1015,order_000046,999.41,INR,wallet,captured,2026-06-27T09:37:00,,
TXN100046,MERCH1011,order_000047,2499.89,INR,wallet,captured,2026-06-20T09:34:00,,
TXN100047,MERCH1026,order_000048,799.56,INR,netbanking,captured,2026-05-13T23:26:00,,
TXN100048,MERCH1017,order_000049,149.86,INR,wallet,captured,2026-03-23T00:26:00,,
TXN100049,MERCH1002,order_000050,4999.62,INR,upi,captured,2026-03-01T11:22:00,,
TXN100050,MERCH1002,order_000051,2499.57,INR,card,captured,2026-03-20T09:36:00,,
TXN100051,MERCH1005,order_000052,4999.08,INR,netbanking,captured,2026-02-04T03:39:00,,
TXN100052,MERCH1023,order_000053,149.64,INR,netbanking,captured,2026-04-29T18:18:00,,
TXN100053,MERCH1021,order_000054,499.75,INR,wallet,captured,2026-01-04T09:01:00,,
TXN100054,MERCH1002,order_000055,1499.59,INR,netbanking,captured,2026-06-10T06:21:00,,
TXN100055,MERCH1003,order_000056,799.33,INR,wallet,captured,2026-05-19T10:03:00,,
TXN100056,MERCH1014,order_000057,149.00,INR,card,captured,2026-05-27T08:49:00,,
TXN100057,MERCH1029,order_000058,299.48,INR,wallet,captured,2026-02-16T03:11:00,,
TXN100058,MERCH1001,order_000059,7999.26,INR,netbanking,captured,2026-01-18T12:35:00,,
TXN100059,MERCH1018,order_000060,799.24,INR,wallet,captured,2026-01-25T15:14:00,,
TXN100060,MERCH1024,order_000061,299.14,INR,wallet,captured,2026-04-18T08:54:00,,
TXN100061,MERCH1016,order_000062,4999.51,INR,wallet,captured,2026-05-15T08:21:00,,
TXN100062,MERCH1016,order_000063,4999.00,INR,netbanking,captured,2026-03-26T19:04:00,,
TXN100063,MERCH1002,order_000064,499.03,INR,upi,captured,2026-01-04T15:06:00,,
TXN100064,MERCH1007,order_000065,299.29,INR,wallet,captured,2026-04-18T23:19:00,,
TXN100065,MERCH1027,order_000066,999.29,INR,netbanking,captured,2026-03-04T09:25:00,,
TXN100066,MERCH1024,order_000067,799.69,INR,upi,captured,2026-03-16T01:36:00,,
TXN100067,MERCH1015,order_000068,499.92,INR,wallet,captured,2026-03-26T20:43:00,,
TXN100068,MERCH1006,order_000069,149.78,INR,upi,captured,2026-06-05T14:06:00,,
TXN100069,MERCH1009,order_000070,299.04,INR,upi,captured,2026-04-08T13:40:00,,
TXN100070,MERCH1011,order_000071,149.50,INR,wallet,captured,2026-02-17T18:56:00,,
TXN100071,MERCH1017,order_000072,2499.27,INR,netbanking,captured,2026-04-20T16:37:00,,
TXN100072,MERCH1010,order_000073,499.09,INR,upi,captured,2026-04-13T03:02:00,,
TXN100073,MERCH1005,order_000074,799.88,INR,netbanking,captured,2026-05-22T02:20:00,,
TXN100074,MERCH1023,order_000075,2499.94,INR,wallet,captured,2026-02-25T14:50:00,,
TXN100075,MERCH1005,order_000076,999.56,INR,card,captured,2026-03-13T22:42:00,,
TXN100076,MERCH1025,order_000077,1499.57,INR,card,captured,2026-05-20T06:13:00,,
TXN100077,MERCH1014,order_000078,799.94,INR,netbanking,captured,2026-05-08T12:29:00,,
TXN100078,MERCH1015,order_000079,7999.19,INR,upi,captured,2026-03-16T23:21:00,,
TXN100079,MERCH1001,order_000080,7999.32,INR,card,captured,2026-06-09T21:04:00,,
TXN100080,MERCH1021,order_000081,499.72,INR,netbanking,captured,2026-02-25T07:51:00,,
TXN100081,MERCH1029,order_000082,7999.34,INR,wallet,captured,2026-03-12T01:37:00,,
TXN100082,MERCH1005,order_000083,2499.50,INR,netbanking,captured,2026-05-18T09:00:00,,
TXN100083,MERCH1028,order_000084,7999.12,INR,card,captured,2026-05-27T18:45:00,,
TXN100084,MERCH1006,order_000085,999.12,INR,card,failed,2026-04-21T12:00:00,CARD_DECLINED,Issuer declined the payment
TXN100085,MERCH1030,order_000086,499.28,INR,card,captured,2026-01-05T17:42:00,,
TXN100086,MERCH1009,order_000087,4999.64,INR,card,refunded,2026-04-18T16:22:00,,
TXN100087,MERCH1029,order_000088,2499.41,INR,card,captured,2026-02-17T14:03:00,,
TXN100088,MERCH1017,order_000089,1499.53,INR,upi,failed,2026-01-17T18:08:00,PG_502,Issuer declined the payment
TXN100089,MERCH1004,order_000090,999.03,INR,upi,captured,2026-05-07T18:04:00,,
TXN100090,MERCH1002,order_000091,7999.77,INR,upi,captured,2026-03-27T06:15:00,,
TXN100091,MERCH1010,order_000092,1499.25,INR,card,captured,2026-02-28T08:24:00,,
TXN100092,MERCH1013,order_000093,799.05,INR,upi,captured,2026-05-22T08:04:00,,
TXN100093,MERCH1020,order_000094,499.38,INR,netbanking,failed,2026-01-29T02:06:00,PG_502,Issuer declined the payment
TXN100095,MERCH1023,order_000096,999.71,INR,upi,captured,2026-02-20T23:33:00,,
TXN100096,MERCH1008,order_000097,499.58,INR,card,captured,2026-01-23T23:51:00,,
TXN100097,MERCH1017,order_000098,2499.16,INR,wallet,captured,2026-04-18T20:13:00,,
TXN100098,MERCH1026,order_000099,499.26,INR,netbanking,captured,2026-04-13T06:39:00,,
TXN100099,MERCH1010,order_000100,7999.74,INR,upi,refunded,2026-03-21T19:50:00,,
TXN100100,MERCH1009,order_000101,299.08,INR,wallet,captured,2026-03-05T21:39:00,,
TXN100101,MERCH1028,order_000102,799.07,INR,upi,captured,2026-05-23T02:10:00,,
TXN100102,MERCH1011,order_000103,999.81,INR,wallet,refunded,2026-01-14T01:21:00,,
TXN100103,MERCH1006,order_000104,149.03,INR,netbanking,captured,2026-04-13T06:12:00,,
TXN100104,MERCH1023,order_000105,999.75,INR,card,captured,2026-02-22T21:52:00,,
TXN100105,MERCH1007,order_000106,799.13,INR,card,captured,2026-06-07T18:21:00,,
TXN100106,MERCH1013,order_000107,149.29,INR,wallet,captured,2026-02-11T00:55:00,,
TXN100107,MERCH1018,order_000108,1499.97,INR,wallet,captured,2026-04-17T15:57:00,,
TXN100108,MERCH1009,order_000109,299.11,INR,upi,captured,2026-03-18T06:19:00,,
TXN100109,MERCH1022,order_000110,2499.77,INR,upi,captured,2026-05-27T11:27:00,,
TXN100110,MERCH1022,order_000111,7999.57,INR,card,captured,2026-03-20T18:48:00,,
TXN100111,MERCH1010,order_000112,7999.22,INR,wallet,captured,2026-05-08T11:21:00,,
TXN100112,MERCH1002,order_000113,799.66,INR,card,captured,2026-02-26T04:10:00,,
TXN100113,MERCH1028,order_000114,7999.20,INR,card,refunded,2026-05-16T18:25:00,,
TXN100114,MERCH1018,order_000115,299.82,INR,netbanking,captured,2026-05-28T15:06:00,,
TXN100115,MERCH1025,order_000116,4999.06,INR,upi,captured,2026-04-12T09:47:00,,
TXN100116,MERCH1008,order_000117,4999.09,INR,wallet,captured,2026-05-16T08:54:00,,
TXN100117,MERCH1021,order_000118,7999.60,INR,upi,captured,2026-01-13T00:49:00,,
TXN100118,MERCH1008,order_000119,799.31,INR,netbanking,captured,2026-02-18T12:21:00,,
TXN100119,MERCH1014,order_000120,499.26,INR,upi,captured,2026-05-16T14:13:00,,
TXN100120,MERCH1020,order_000121,499.33,INR,card,captured,2026-04-26T00:38:00,,
TXN100121,MERCH1006,order_000122,499.01,INR,netbanking,captured,2026-03-31T22:21:00,,
TXN100122,MERCH1009,order_000123,299.09,INR,wallet,captured,2026-03-11T20:15:00,,
TXN100123,MERCH1001,order_000124,299.04,INR,upi,refunded,2026-05-25T22:13:00,,
TXN100124,MERCH1025,order_000125,799.67,INR,netbanking,captured,2026-01-01T15:29:00,,
TXN100125,MERCH1004,order_000126,7999.51,INR,wallet,captured,2026-02-27T07:00:00,,
TXN100126,MERCH1006,order_000127,1499.92,INR,card,captured,2026-02-10T20:21:00,,
TXN100127,MERCH1022,order_000128,1499.08,INR,netbanking,refunded,2026-05-08T06:45:00,,
TXN100128,MERCH1003,order_000129,7999.84,INR,wallet,failed,2026-05-22T03:19:00,GATEWAY_TIMEOUT,Issuer declined the payment
TXN100129,MERCH1010,order_000130,4999.98,INR,upi,captured,2026-02-13T01:35:00,,
TXN100130,MERCH1013,order_000131,799.90,INR,upi,captured,2026-05-24T00:46:00,,
TXN100131,MERCH1018,order_000132,7999.95,INR,upi,captured,2026-04-30T23:12:00,,
TXN100132,MERCH1015,order_000133,799.82,INR,card,captured,2026-01-24T04:31:00,,
TXN100133,MERCH1029,order_000134,799.03,INR,upi,captured,2026-04-23T00:37:00,,
TXN100134,MERCH1017,order_000135,799.06,INR,wallet,captured,2026-03-13T06:54:00,,
TXN100135,MERCH1021,order_000136,2499.08,INR,card,captured,2026-01-03T16:10:00,,
TXN100136,MERCH1017,order_000137,299.75,INR,upi,captured,2026-05-08T08:30:00,,
TXN100137,MERCH1019,order_000138,299.98,INR,netbanking,captured,2026-01-18T14:03:00,,
TXN100138,MERCH1026,order_000139,299.46,INR,netbanking,failed,2026-04-10T15:36:00,PG_502,Issuer declined the payment
TXN100139,MERCH1021,order_000140,4999.73,INR,upi,captured,2026-06-11T08:03:00,,
TXN100140,MERCH1007,order_000141,499.55,INR,netbanking,captured,2026-05-28T09:52:00,,
TXN100141,MERCH1028,order_000142,2499.27,INR,upi,captured,2026-06-23T04:46:00,,
TXN100142,MERCH1002,order_000143,7999.58,INR,netbanking,captured,2026-04-05T19:48:00,,
TXN100143,MERCH1001,order_000144,149.88,INR,card,captured,2026-04-14T04:53:00,,
TXN100144,MERCH1022,order_000145,2499.78,INR,card,captured,2026-05-13T16:33:00,,
TXN100145,MERCH1010,order_000146,299.53,INR,netbanking,failed,2026-01-02T00:38:00,PG_502,Issuer declined the payment
TXN100146,MERCH1020,order_000147,499.77,INR,card,refunded,2026-06-03T14:55:00,,
TXN100147,MERCH1017,order_000148,999.52,INR,card,captured,2026-05-21T07:26:00,,
TXN100148,MERCH1018,order_000149,799.70,INR,netbanking,captured,2026-02-12T11:18:00,,
TXN100149,MERCH1009,order_000150,1499.48,INR,upi,captured,2026-01-02T20:51:00,,
TXN100150,MERCH1005,order_000151,7999.02,INR,netbanking,captured,2026-06-05T22:00:00,,
TXN100151,MERCH1002,order_000152,299.12,INR,card,captured,2026-05-09T13:44:00,,
TXN100152,MERCH1009,order_000153,4999.89,INR,card,captured,2026-01-10T02:56:00,,
TXN100153,MERCH1001,order_000154,999.32,INR,card,captured,2026-06-07T20:30:00,,
TXN100154,MERCH1019,order_000155,999.87,INR,netbanking,captured,2026-06-06T08:04:00,,
TXN100155,MERCH1014,order_000156,149.06,INR,card,captured,2026-06-27T03:49:00,,
TXN100156,MERCH1028,order_000157,4999.82,INR,netbanking,failed,2026-03-06T22:46:00,PG_502,Issuer declined the payment
TXN100157,MERCH1010,order_000158,999.88,INR,wallet,failed,2026-06-14T08:50:00,CARD_DECLINED,Issuer declined the payment
TXN100158,MERCH1005,order_000159,999.61,INR,wallet,captured,2026-04-06T19:16:00,,
TXN100159,MERCH1002,order_000160,999.96,INR,card,captured,2026-04-08T21:58:00,,
TXN100160,MERCH1004,order_000161,499.41,INR,netbanking,captured,2026-06-10T17:16:00,,
TXN100161,MERCH1010,order_000162,1499.47,INR,card,captured,2026-06-17T15:11:00,,
TXN100162,MERCH1006,order_000163,799.92,INR,card,captured,2026-03-30T22:10:00,,
TXN100163,MERCH1007,order_000164,2499.89,INR,netbanking,captured,2026-06-28T01:09:00,,
TXN100164,MERCH1029,order_000165,499.44,INR,wallet,captured,2026-01-22T13:29:00,,
TXN100165,MERCH1026,order_000166,149.43,INR,wallet,captured,2026-06-05T09:43:00,,
TXN100166,MERCH1003,order_000167,149.35,INR,wallet,captured,2026-02-16T01:57:00,,
TXN100167,MERCH1014,order_000168,2499.36,INR,card,captured,2026-06-19T16:20:00,,
TXN100168,MERCH1018,order_000169,2499.09,INR,netbanking,captured,2026-05-29T10:12:00,,
TXN100169,MERCH1012,order_000170,799.75,INR,upi,captured,2026-05-03T12:38:00,,
TXN100170,MERCH1012,order_000171,799.46,INR,wallet,captured,2026-01-21T05:02:00,,
TXN100171,MERCH1009,order_000172,2499.13,INR,wallet,captured,2026-03-14T12:05:00,,
TXN100172,MERCH1012,order_000173,2499.72,INR,card,captured,2026-05-03T05:18:00,,
TXN100173,MERCH1012,order_000174,7999.18,INR,card,captured,2026-02-16T10:21:00,,
TXN100174,MERCH1017,order_000175,7999.66,INR,netbanking,captured,2026-05-28T12:14:00,,
TXN100175,MERCH1021,order_000176,499.36,INR,netbanking,failed,2026-03-17T07:20:00,GATEWAY_TIMEOUT,Issuer declined the payment
TXN100176,MERCH1024,order_000177,2499.09,INR,wallet,captured,2026-04-28T19:58:00,,
TXN100177,MERCH1016,order_000178,7999.54,INR,card,captured,2026-02-23T04:16:00,,
TXN100178,MERCH1024,order_000179,799.65,INR,wallet,captured,2026-04-28T14:04:00,,
TXN100179,MERCH1012,order_000180,4999.78,INR,wallet,failed,2026-03-23T06:29:00,CARD_DECLINED,Issuer declined the payment
TXN100180,MERCH1016,order_000181,299.20,INR,upi,captured,2026-04-03T12:07:00,,
TXN100181,MERCH1005,order_000182,2499.19,INR,wallet,captured,2026-04-09T13:58:00,,
TXN100182,MERCH1019,order_000183,4999.54,INR,upi,refunded,2026-03-04T19:53:00,,
TXN100183,MERCH1006,order_000184,1499.11,INR,netbanking,captured,2026-03-23T15:55:00,,
TXN100184,MERCH1017,order_000185,499.42,INR,wallet,failed,2026-01-11T12:10:00,CARD_DECLINED,Issuer declined the payment
TXN100185,MERCH1008,order_000186,999.47,INR,upi,captured,2026-04-12T10:03:00,,
TXN100186,MERCH1025,order_000187,2499.18,INR,netbanking,captured,2026-04-07T17:35:00,,
TXN100187,MERCH1013,order_000188,4999.00,INR,wallet,captured,2026-02-06T01:50:00,,
TXN100188,MERCH1021,order_000189,499.78,INR,card,captured,2026-04-13T11:09:00,,
TXN100189,MERCH1009,order_000190,299.24,INR,netbanking,captured,2026-05-31T21:11:00,,
TXN100191,MERCH1011,order_000192,1499.14,INR,wallet,captured,2026-05-21T02:04:00,,
TXN100192,MERCH1026,order_000193,499.81,INR,upi,captured,2026-05-15T21:23:00,,
TXN100193,MERCH1010,order_000194,499.42,INR,card,captured,2026-03-23T13:08:00,,
TXN100194,MERCH1017,order_000195,1499.49,INR,card,captured,2026-06-25T20:10:00,,
TXN100195,MERCH1005,order_000196,799.43,INR,netbanking,captured,2026-03-21T23:53:00,,
TXN100196,MERCH1013,order_000197,1499.70,INR,netbanking,captured,2026-02-19T10:58:00,,
TXN100197,MERCH1019,order_000198,1499.66,INR,card,captured,2026-02-28T20:11:00,,
TXN100198,MERCH1027,order_000199,2499.86,INR,upi,failed,2026-03-22T01:22:00,PG_502,Issuer declined the payment
TXN100199,MERCH1026,order_000200,7999.32,INR,netbanking,captured,2026-01-30T01:27:00,,
TXN100200,MERCH1004,order_000201,2499.07,INR,upi,captured,2026-03-24T20:30:00,,
TXN100201,MERCH1004,order_000202,2499.27,INR,netbanking,captured,2026-03-31T08:33:00,,
TXN100203,MERCH1002,order_000204,999.84,INR,upi,captured,2026-05-03T13:06:00,,
TXN100204,MERCH1012,order_000205,499.38,INR,upi,captured,2026-02-19T20:42:00,,
TXN100205,MERCH1030,order_000206,799.74,INR,upi,refunded,2026-01-03T01:40:00,,
TXN100206,MERCH1018,order_000207,7999.58,INR,upi,captured,2026-03-20T23:09:00,,
TXN100207,MERCH1009,order_000208,299.63,INR,card,failed,2026-04-16T13:08:00,GATEWAY_TIMEOUT,Issuer declined the payment
TXN100208,MERCH1018,order_000209,299.25,INR,upi,captured,2026-01-28T06:54:00,,
TXN100209,MERCH1021,order_000210,4999.42,INR,netbanking,captured,2026-03-03T00:33:00,,
TXN100210,MERCH1009,order_000211,2499.74,INR,netbanking,captured,2026-01-09T21:58:00,,
TXN100211,MERCH1002,order_000212,1499.46,INR,wallet,failed,2026-06-07T13:16:00,GATEWAY_TIMEOUT,Issuer declined the payment
TXN100212,MERCH1020,order_000213,2499.60,INR,wallet,captured,2026-01-05T12:05:00,,
TXN100213,MERCH1018,order_000214,999.65,INR,upi,captured,2026-04-15T16:44:00,,
TXN100214,MERCH1020,order_000215,7999.91,INR,netbanking,captured,2026-01-22T06:29:00,,
TXN100215,MERCH1003,order_000216,1499.19,INR,card,captured,2026-01-28T02:12:00,,
TXN100216,MERCH1024,order_000217,7999.74,INR,netbanking,captured,2026-03-12T14:54:00,,
TXN100217,MERCH1009,order_000218,2499.76,INR,wallet,captured,2026-02-24T11:15:00,,
TXN100218,MERCH1005,order_000219,4999.16,INR,upi,captured,2026-03-27T13:13:00,,
TXN100219,MERCH1010,order_000220,2499.48,INR,card,captured,2026-02-01T21:34:00,,
TXN100220,MERCH1008,order_000221,499.33,INR,netbanking,captured,2026-03-07T06:46:00,,
TXN100221,MERCH1008,order_000222,1499.34,INR,netbanking,captured,2026-03-11T12:18:00,,
TXN100222,MERCH1025,order_000223,799.40,INR,wallet,captured,2026-02-28T13:25:00,,
TXN100223,MERCH1018,order_000224,799.08,INR,wallet,captured,2026-02-17T14:39:00,,
TXN100224,MERCH1006,order_000225,149.96,INR,wallet,captured,2026-02-03T07:48:00,,
TXN100225,MERCH1010,order_000226,1499.49,INR,card,captured,2026-03-17T13:44:00,,
TXN100226,MERCH1016,order_000227,2499.49,INR,wallet,captured,2026-04-06T06:23:00,,
TXN100227,MERCH1014,order_000228,1499.49,INR,card,captured,2026-02-13T05:53:00,,
TXN100228,MERCH1026,order_000229,299.63,INR,netbanking,refunded,2026-05-15T16:01:00,,
TXN100229,MERCH1026,order_000230,4999.26,INR,wallet,captured,2026-04-12T04:57:00,,
TXN100230,MERCH1007,order_000231,999.39,INR,upi,captured,2026-02-26T05:18:00,,
TXN100231,MERCH1001,order_000232,149.41,INR,wallet,captured,2026-05-26T12:24:00,,
TXN100232,MERCH1013,order_000233,799.67,INR,netbanking,refunded,2026-06-06T12:07:00,,
TXN100233,MERCH1011,order_000234,7999.23,INR,upi,captured,2026-02-28T06:16:00,,
TXN100234,MERCH1030,order_000235,4999.83,INR,netbanking,captured,2026-06-01T01:43:00,,
TXN100235,MERCH1006,order_000236,1499.83,INR,card,captured,2026-01-01T17:31:00,,
TXN100236,MERCH1002,order_000237,299.41,INR,card,captured,2026-05-12T22:17:00,,
TXN100237,MERCH1004,order_000238,499.89,INR,netbanking,captured,2026-06-27T13:18:00,,
TXN100239,MERCH1030,order_000240,299.46,INR,netbanking,captured,2026-02-21T15:38:00,,
TXN100240,MERCH1026,order_000241,4999.57,INR,card,captured,2026-04-14T18:09:00,,
TXN100241,MERCH1029,order_000242,299.57,INR,upi,captured,2026-05-15T10:11:00,,
TXN100242,MERCH1022,order_000243,799.66,INR,wallet,captured,2026-05-01T14:14:00,,
TXN100243,MERCH1018,order_000244,2499.85,INR,netbanking,captured,2026-03-11T00:26:00,,
TXN100244,MERCH1024,order_000245,149.65,INR,netbanking,captured,2026-03-24T06:41:00,,
TXN100245,MERCH1005,order_000246,4999.94,INR,card,captured,2026-02-15T02:50:00,,
TXN100246,MERCH1020,order_000247,149.65,INR,wallet,captured,2026-03-10T14:34:00,,
TXN100247,MERCH1010,order_000248,149.78,INR,wallet,captured,2026-03-04T08:39:00,,
TXN100248,MERCH1010,order_000249,799.37,INR,netbanking,failed,2026-02-08T22:34:00,GATEWAY_TIMEOUT,Issuer declined the payment
TXN100249,MERCH1028,order_000250,2499.96,INR,wallet,captured,2026-02-22T21:00:00,,
TXN100250,MERCH1018,order_000251,149.17,INR,netbanking,captured,2026-02-28T14:10:00,,
TXN100251,MERCH1011,order_000252,2499.01,INR,card,captured,2026-05-29T23:23:00,,
TXN100252,MERCH1029,order_000253,2499.20,INR,wallet,captured,2026-03-22T05:57:00,,
TXN100253,MERCH1012,order_000254,7999.44,INR,card,captured,2026-01-16T01:45:00,,
TXN100254,MERCH1007,order_000255,799.72,INR,card,failed,2026-06-11T05:02:00,PG_502,Issuer declined the payment
TXN100255,MERCH1027,order_000256,149.68,INR,upi,captured,2026-01-05T05:22:00,,
TXN100256,MERCH1017,order_000257,799.93,INR,upi,captured,2026-06-25T21:12:00,,
TXN100257,MERCH1001,order_000258,2499.18,INR,upi,captured,2026-04-17T07:50:00,,
TXN100258,MERCH1001,order_000259,1499.12,INR,wallet,captured,2026-03-19T15:19:00,,
TXN100259,MERCH1028,order_000260,999.37,INR,wallet,captured,2026-06-22T00:29:00,,
TXN100260,MERCH1008,order_000261,799.80,INR,wallet,captured,2026-05-26T14:11:00,,
TXN100261,MERCH1006,order_000262,2499.73,INR,upi,captured,2026-05-04T21:05:00,,
TXN100262,MERCH1027,order_000263,1499.07,INR,card,refunded,2026-01-27T14:48:00,,
TXN100263,MERCH1011,order_000264,999.47,INR,card,captured,2026-02-21T13:51:00,,
TXN100264,MERCH1008,order_000265,4999.32,INR,netbanking,captured,2026-04-08T18:17:00,,
TXN100265,MERCH1019,order_000266,299.60,INR,card,refunded,2026-05-02T08:56:00,,
TXN100266,MERCH1020,order_000267,149.40,INR,wallet,captured,2026-01-19T06:33:00,,
TXN100267,MERCH1028,order_000268,499.70,INR,wallet,captured,2026-01-10T10:16:00,,
TXN100268,MERCH1023,order_000269,499.75,INR,upi,captured,2026-01-25T13:42:00,,
TXN100269,MERCH1005,order_000270,4999.45,INR,upi,captured,2026-04-26T10:54:00,,
TXN100270,MERCH1012,order_000271,7999.60,INR,card,captured,2026-05-16T07:53:00,,
TXN100271,MERCH1001,order_000272,2499.72,INR,netbanking,captured,2026-02-19T16:12:00,,
TXN100272,MERCH1018,order_000273,4999.21,INR,card,captured,2026-04-28T07:10:00,,
TXN100273,MERCH1007,order_000274,7999.81,INR,wallet,captured,2026-04-06T01:57:00,,
TXN100274,MERCH1002,order_000275,2499.99,INR,netbanking,captured,2026-02-08T11:13:00,,
TXN100275,MERCH1024,order_000276,7999.40,INR,card,captured,2026-06-21T10:32:00,,
TXN100276,MERCH1011,order_000277,299.66,INR,upi,failed,2026-02-11T05:16:00,GATEWAY_TIMEOUT,Issuer declined the payment
TXN100277,MERCH1009,order_000278,999.17,INR,card,captured,2026-03-08T23:20:00,,
TXN100278,MERCH1015,order_000279,299.78,INR,upi,failed,2026-01-03T10:34:00,CARD_DECLINED,Issuer declined the payment
TXN100279,MERCH1025,order_000280,799.17,INR,upi,captured,2026-05-24T02:02:00,,
TXN100280,MERCH1028,order_000281,499.59,INR,upi,captured,2026-04-14T18:59:00,,
TXN100281,MERCH1007,order_000282,999.64,INR,upi,captured,2026-06-01T16:55:00,,
TXN100282,MERCH1006,order_000283,799.96,INR,wallet,captured,2026-05-29T08:39:00,,
TXN100283,MERCH1026,order_000284,2499.51,INR,card,captured,2026-03-09T04:37:00,,
TXN100284,MERCH1002,order_000285,149.67,INR,wallet,captured,2026-02-18T00:38:00,,
TXN100285,MERCH1018,order_000286,149.86,INR,netbanking,captured,2026-05-29T16:22:00,,
TXN100286,MERCH1015,order_000287,4999.53,INR,card,captured,2026-01-10T23:43:00,,
TXN100287,MERCH1009,order_000288,2499.93,INR,wallet,captured,2026-05-11T06:38:00,,
TXN100288,MERCH1029,order_000289,149.03,INR,card,failed,2026-02-20T06:10:00,GATEWAY_TIMEOUT,Issuer declined the payment
TXN100289,MERCH1007,order_000290,999.75,INR,card,captured,2026-05-24T14:51:00,,
TXN100290,MERCH1025,order_000291,499.84,INR,netbanking,captured,2026-02-22T10:15:00,,
TXN100291,MERCH1004,order_000292,149.59,INR,netbanking,failed,2026-03-01T00:38:00,PG_502,Issuer declined the payment
TXN100292,MERCH1003,order_000293,1499.42,INR,wallet,captured,2026-03-22T00:16:00,,
TXN100293,MERCH1018,order_000294,149.73,INR,upi,captured,2026-05-19T17:52:00,,
TXN100294,MERCH1003,order_000295,499.43,INR,wallet,captured,2026-01-15T02:24:00,,
TXN100295,MERCH1024,order_000296,4999.18,INR,wallet,captured,2026-01-03T12:13:00,,
TXN100296,MERCH1018,order_000297,4999.51,INR,netbanking,captured,2026-05-27T14:03:00,,
TXN100297,MERCH1026,order_000298,7999.95,INR,upi,captured,2026-01-04T11:26:00,,
TXN100298,MERCH1001,order_000299,999.85,INR,upi,captured,2026-03-05T21:01:00,,
TXN100299,MERCH1017,order_000300,799.90,INR,upi,captured,2026-04-19T12:04:00,,
TXN100300,MERCH1016,order_000301,149.98,INR,netbanking,captured,2026-06-18T22:19:00,,
TXN100301,MERCH1005,order_000302,499.06,INR,wallet,captured,2026-03-08T12:29:00,,
TXN100302,MERCH1012,order_000303,149.83,INR,wallet,captured,2026-04-02T09:22:00,,
TXN100303,MERCH1013,order_000304,4999.00,INR,netbanking,captured,2026-06-29T14:06:00,,
TXN100304,MERCH1016,order_000305,2499.62,INR,netbanking,captured,2026-01-05T05:07:00,,
TXN100305,MERCH1007,order_000306,7999.92,INR,upi,captured,2026-03-09T00:23:00,,
TXN100306,MERCH1026,order_000307,1499.57,INR,wallet,refunded,2026-03-02T23:02:00,,
TXN100307,MERCH1018,order_000308,299.57,INR,upi,captured,2026-01-03T02:36:00,,
TXN100308,MERCH1008,order_000309,299.78,INR,card,captured,2026-01-10T22:40:00,,
TXN100309,MERCH1001,order_000310,7999.54,INR,wallet,captured,2026-06-26T10:33:00,,
TXN100310,MERCH1020,order_000311,299.15,INR,card,captured,2026-05-31T04:24:00,,
TXN100311,MERCH1002,order_000312,7999.72,INR,card,captured,2026-03-17T11:54:00,,
TXN100312,MERCH1004,order_000313,4999.02,INR,netbanking,failed,2026-05-14T09:35:00,GATEWAY_TIMEOUT,Issuer declined the payment
TXN100313,MERCH1022,order_000314,2499.52,INR,upi,captured,2026-06-15T17:28:00,,
TXN100314,MERCH1020,order_000315,149.81,INR,wallet,captured,2026-06-03T12:24:00,,
TXN100315,MERCH1019,order_000316,799.82,INR,wallet,captured,2026-01-29T14:53:00,,
TXN100316,MERCH1015,order_000317,1499.71,INR,upi,captured,2026-05-24T09:05:00,,
TXN100317,MERCH1026,order_000318,999.83,INR,card,captured,2026-06-25T06:48:00,,
TXN100318,MERCH1022,order_000319,1499.83,INR,upi,failed,2026-03-20T11:03:00,GATEWAY_TIMEOUT,Issuer declined the payment
TXN100319,MERCH1002,order_000320,2499.37,INR,upi,captured,2026-02-16T16:16:00,,
TXN100320,MERCH1027,order_000321,1499.66,INR,upi,captured,2026-05-09T15:50:00,,
TXN100321,MERCH1010,order_000322,299.66,INR,netbanking,captured,2026-02-11T15:30:00,,
TXN100322,MERCH1011,order_000323,4999.28,INR,wallet,captured,2026-02-20T04:21:00,,
TXN100323,MERCH1006,order_000324,2499.33,INR,upi,captured,2026-02-10T12:14:00,,
TXN100324,MERCH1021,order_000325,149.93,INR,netbanking,captured,2026-03-13T02:51:00,,
TXN100325,MERCH1025,order_000326,4999.55,INR,upi,captured,2026-02-21T08:58:00,,
TXN100326,MERCH1001,order_000327,1499.37,INR,netbanking,captured,2026-03-24T16:47:00,,
TXN100327,MERCH1020,order_000328,2499.25,INR,upi,captured,2026-03-15T18:13:00,,
TXN100328,MERCH1007,order_000329,149.18,INR,card,captured,2026-04-05T12:41:00,,
TXN100329,MERCH1019,order_000330,499.79,INR,card,captured,2026-06-17T22:24:00,,
TXN100330,MERCH1001,order_000331,999.31,INR,card,refunded,2026-02-09T20:11:00,,
TXN100331,MERCH1017,order_000332,499.66,INR,netbanking,captured,2026-02-02T02:56:00,,
TXN100332,MERCH1019,order_000333,799.90,INR,upi,captured,2026-05-14T01:14:00,,
TXN100333,MERCH1024,order_000334,149.83,INR,upi,captured,2026-02-21T08:28:00,,
TXN100334,MERCH1017,order_000335,999.40,INR,netbanking,captured,2026-05-23T09:58:00,,
TXN100335,MERCH1009,order_000336,4999.47,INR,wallet,captured,2026-05-29T15:01:00,,
TXN100336,MERCH1014,order_000337,7999.37,INR,upi,captured,2026-02-06T06:26:00,,
TXN100337,MERCH1015,order_000338,7999.04,INR,card,captured,2026-03-01T08:20:00,,
TXN100338,MERCH1023,order_000339,1499.80,INR,netbanking,failed,2026-01-28T11:42:00,PG_502,Issuer declined the payment
TXN100339,MERCH1026,order_000340,2499.02,INR,wallet,captured,2026-01-07T05:13:00,,
TXN100340,MERCH1021,order_000341,7999.16,INR,wallet,captured,2026-04-22T07:03:00,,
TXN100341,MERCH1019,order_000342,299.45,INR,netbanking,captured,2026-03-24T17:44:00,,
TXN100342,MERCH1029,order_000343,299.10,INR,upi,captured,2026-03-21T14:05:00,,
TXN100343,MERCH1021,order_000344,4999.49,INR,wallet,captured,2026-01-08T10:09:00,,
TXN100344,MERCH1002,order_000345,299.88,INR,card,refunded,2026-06-27T18:12:00,,
TXN100345,MERCH1005,order_000346,7999.42,INR,wallet,captured,2026-01-04T12:34:00,,
TXN100346,MERCH1012,order_000347,7999.98,INR,wallet,captured,2026-02-15T08:06:00,,
TXN100347,MERCH1011,order_000348,299.99,INR,card,captured,2026-01-27T15:02:00,,
TXN100348,MERCH1024,order_000349,999.78,INR,upi,captured,2026-04-09T06:27:00,,
TXN100349,MERCH1022,order_000350,999.75,INR,card,captured,2026-01-17T22:15:00,,
TXN100350,MERCH1011,order_000351,4999.74,INR,wallet,captured,2026-03-12T07:10:00,,
TXN100351,MERCH1025,order_000352,999.78,INR,card,captured,2026-05-25T11:41:00,,
TXN100352,MERCH1030,order_000353,299.66,INR,upi,captured,2026-02-23T04:42:00,,
TXN100353,MERCH1020,order_000354,799.75,INR,wallet,captured,2026-03-23T07:35:00,,
TXN100354,MERCH1012,order_000355,999.09,INR,upi,captured,2026-02-05T19:20:00,,
TXN100355,MERCH1029,order_000356,4999.69,INR,card,refunded,2026-01-28T05:27:00,,
TXN100356,MERCH1005,order_000357,7999.21,INR,upi,captured,2026-02-11T15:07:00,,
TXN100357,MERCH1003,order_000358,299.87,INR,card,captured,2026-03-31T15:45:00,,
TXN100358,MERCH1012,order_000359,4999.65,INR,netbanking,captured,2026-05-29T05:30:00,,
TXN100359,MERCH1029,order_000360,499.99,INR,wallet,captured,2026-04-27T18:30:00,,
TXN100360,MERCH1004,order_000361,149.12,INR,wallet,captured,2026-02-04T04:36:00,,
TXN100361,MERCH1004,order_000362,499.25,INR,upi,captured,2026-02-21T05:42:00,,
TXN100362,MERCH1018,order_000363,149.86,INR,wallet,captured,2026-04-04T15:04:00,,
TXN100363,MERCH1013,order_000364,2499.21,INR,wallet,captured,2026-05-24T20:07:00,,
TXN100364,MERCH1024,order_000365,4999.47,INR,wallet,captured,2026-02-27T15:37:00,,
TXN100365,MERCH1030,order_000366,999.54,INR,card,refunded,2026-05-18T20:52:00,,
TXN100366,MERCH1005,order_000367,299.61,INR,upi,captured,2026-03-27T03:40:00,,
TXN100367,MERCH1011,order_000368,4999.82,INR,card,captured,2026-02-14T09:20:00,,
TXN100368,MERCH1017,order_000369,1499.70,INR,card,captured,2026-02-21T12:18:00,,
TXN100369,MERCH1005,order_000370,999.46,INR,netbanking,captured,2026-04-23T07:14:00,,
TXN100370,MERCH1003,order_000371,799.83,INR,upi,captured,2026-04-04T19:04:00,,
TXN100371,MERCH1009,order_000372,1499.84,INR,upi,captured,2026-04-07T07:34:00,,
TXN100372,MERCH1022,order_000373,1499.15,INR,card,refunded,2026-06-16T22:16:00,,
TXN100373,MERCH1019,order_000374,7999.71,INR,upi,captured,2026-02-04T02:02:00,,
TXN100374,MERCH1021,order_000375,1499.92,INR,upi,captured,2026-03-30T17:06:00,,
TXN100375,MERCH1005,order_000376,799.73,INR,card,captured,2026-01-20T04:37:00,,
TXN100376,MERCH1006,order_000377,799.88,INR,netbanking,failed,2026-01-01T17:55:00,CARD_DECLINED,Issuer declined the payment
TXN100377,MERCH1017,order_000378,4999.13,INR,wallet,captured,2026-02-02T05:04:00,,
TXN100378,MERCH1013,order_000379,1499.99,INR,upi,captured,2026-01-01T21:34:00,,
TXN100379,MERCH1021,order_000380,499.13,INR,wallet,captured,2026-02-02T09:00:00,,
TXN100380,MERCH1010,order_000381,7999.40,INR,upi,captured,2026-04-10T06:54:00,,
TXN100382,MERCH1022,order_000383,1499.16,INR,netbanking,captured,2026-05-28T03:09:00,,
TXN100383,MERCH1015,order_000384,299.01,INR,netbanking,captured,2026-04-26T03:57:00,,
TXN100384,MERCH1006,order_000385,4999.91,INR,netbanking,captured,2026-02-03T04:47:00,,
TXN100385,MERCH1010,order_000386,2499.52,INR,card,refunded,2026-05-22T03:24:00,,
TXN100386,MERCH1008,order_000387,299.91,INR,card,captured,2026-05-25T05:10:00,,
TXN100387,MERCH1025,order_000388,1499.45,INR,upi,captured,2026-04-24T17:07:00,,
TXN100388,MERCH1013,order_000389,149.20,INR,netbanking,captured,2026-01-03T08:06:00,,
TXN100389,MERCH1008,order_000390,2499.08,INR,card,captured,2026-06-28T09:01:00,,
TXN100390,MERCH1008,order_000391,799.08,INR,wallet,captured,2026-04-30T16:03:00,,
TXN100391,MERCH1014,order_000392,299.14,INR,netbanking,captured,2026-05-02T04:56:00,,
TXN100392,MERCH1022,order_000393,499.03,INR,wallet,captured,2026-05-08T06:36:00,,
TXN100393,MERCH1001,order_000394,1499.19,INR,netbanking,captured,2026-03-20T18:29:00,,
TXN100394,MERCH1021,order_000395,299.23,INR,wallet,failed,2026-02-20T21:26:00,GATEWAY_TIMEOUT,Issuer declined the payment
TXN100395,MERCH1013,order_000396,4999.69,INR,card,captured,2026-01-17T06:30:00,,
TXN100396,MERCH1015,order_000397,299.12,INR,netbanking,captured,2026-06-29T00:07:00,,
TXN100397,MERCH1002,order_000398,1499.98,INR,netbanking,captured,2026-03-08T05:08:00,,
TXN100398,MERCH1012,order_000399,4999.28,INR,wallet,captured,2026-04-03T20:39:00,,
TXN100399,MERCH1011,order_000400,1499.99,INR,netbanking,captured,2026-05-30T06:14:00,,
TXN100400,MERCH1005,order_000401,1499.96,INR,netbanking,captured,2026-04-02T07:20:00,,
TXN100401,MERCH1029,order_000402,499.02,INR,wallet,failed,2026-04-23T02:25:00,GATEWAY_TIMEOUT,Issuer declined the payment
TXN100402,MERCH1023,order_000403,299.30,INR,netbanking,captured,2026-01-30T15:54:00,,
TXN100403,MERCH1030,order_000404,299.04,INR,netbanking,captured,2026-06-08T07:12:00,,
TXN100404,MERCH1001,order_000405,149.00,INR,upi,captured,2026-02-17T22:16:00,,
TXN100405,MERCH1030,order_000406,499.91,INR,upi,captured,2026-03-12T10:17:00,,
TXN100406,MERCH1029,order_000407,499.41,INR,wallet,captured,2026-02-02T13:32:00,,
TXN100407,MERCH1019,order_000408,4999.40,INR,wallet,refunded,2026-01-17T00:22:00,,
TXN100408,MERCH1004,order_000409,4999.10,INR,wallet,captured,2026-04-18T20:23:00,,
TXN100409,MERCH1001,order_000410,2499.72,INR,card,failed,2026-06-02T05:28:00,PG_502,Issuer declined the payment
TXN100410,MERCH1025,order_000411,1499.25,INR,netbanking,captured,2026-06-22T07:18:00,,
TXN100411,MERCH1029,order_000412,4999.59,INR,upi,captured,2026-04-24T06:46:00,,
TXN100412,MERCH1029,order_000413,299.90,INR,wallet,captured,2026-06-14T12:23:00,,
TXN100413,MERCH1010,order_000414,1499.58,INR,wallet,captured,2026-04-11T16:14:00,,
TXN100414,MERCH1005,order_000415,4999.21,INR,upi,refunded,2026-04-21T00:44:00,,
TXN100415,MERCH1008,order_000416,999.60,INR,card,captured,2026-03-03T03:18:00,,
TXN100416,MERCH1027,order_000417,149.90,INR,upi,captured,2026-04-04T22:25:00,,
TXN100417,MERCH1027,order_000418,299.91,INR,upi,captured,2026-04-24T22:12:00,,
TXN100418,MERCH1029,order_000419,799.73,INR,wallet,captured,2026-02-14T07:57:00,,
TXN100419,MERCH1026,order_000420,4999.91,INR,netbanking,captured,2026-04-24T06:41:00,,
TXN100420,MERCH1022,order_000421,299.91,INR,card,captured,2026-04-28T15:34:00,,
TXN100421,MERCH1018,order_000422,4999.18,INR,upi,captured,2026-03-05T17:30:00,,
TXN100422,MERCH1004,order_000423,149.18,INR,wallet,captured,2026-01-03T13:15:00,,
TXN100423,MERCH1020,order_000424,1499.71,INR,upi,captured,2026-01-12T22:26:00,,
TXN100424,MERCH1029,order_000425,149.35,INR,upi,captured,2026-05-14T09:00:00,,
TXN100425,MERCH1023,order_000426,999.00,INR,card,captured,2026-02-09T05:41:00,,
TXN100426,MERCH1004,order_000427,7999.78,INR,wallet,captured,2026-03-29T22:27:00,,
TXN100427,MERCH1003,order_000428,149.96,INR,card,captured,2026-01-16T07:47:00,,
TXN100428,MERCH1004,order_000429,1499.29,INR,upi,captured,2026-01-18T07:35:00,,
TXN100429,MERCH1012,order_000430,299.66,INR,wallet,captured,2026-06-28T12:01:00,,
TXN100430,MERCH1023,order_000431,799.06,INR,card,captured,2026-03-24T16:52:00,,
TXN100431,MERCH1019,order_000432,7999.99,INR,wallet,captured,2026-01-14T15:57:00,,
TXN100432,MERCH1018,order_000433,999.28,INR,wallet,captured,2026-01-06T14:08:00,,
TXN100433,MERCH1026,order_000434,999.18,INR,upi,captured,2026-02-21T01:24:00,,
TXN100434,MERCH1011,order_000435,299.92,INR,netbanking,captured,2026-06-28T06:37:00,,
TXN100435,MERCH1006,order_000436,499.73,INR,card,captured,2026-05-29T10:42:00,,
TXN100436,MERCH1012,order_000437,799.13,INR,netbanking,captured,2026-06-14T03:05:00,,
TXN100437,MERCH1018,order_000438,149.33,INR,card,failed,2026-03-21T12:43:00,GATEWAY_TIMEOUT,Issuer declined the payment
TXN100438,MERCH1025,order_000439,499.82,INR,card,captured,2026-05-16T20:58:00,,
TXN100439,MERCH1010,order_000440,499.85,INR,upi,captured,2026-06-03T14:37:00,,
TXN100440,MERCH1019,order_000441,799.47,INR,netbanking,captured,2026-01-05T08:37:00,,
TXN100441,MERCH1001,order_000442,4999.87,INR,card,captured,2026-04-14T21:39:00,,
TXN100442,MERCH1027,order_000443,149.95,INR,wallet,captured,2026-05-12T00:06:00,,
TXN100443,MERCH1024,order_000444,1499.41,INR,wallet,captured,2026-03-09T07:08:00,,
TXN100444,MERCH1018,order_000445,2499.69,INR,netbanking,captured,2026-06-09T15:38:00,,
TXN100445,MERCH1015,order_000446,999.86,INR,wallet,captured,2026-05-14T14:39:00,,
TXN100446,MERCH1021,order_000447,799.21,INR,netbanking,captured,2026-03-31T22:26:00,,
TXN100447,MERCH1012,order_000448,4999.46,INR,upi,captured,2026-02-02T04:37:00,,
TXN100448,MERCH1020,order_000449,499.92,INR,upi,captured,2026-02-26T01:06:00,,
TXN100449,MERCH1017,order_000450,4999.10,INR,card,captured,2026-05-30T14:35:00,,
TXN100450,MERCH1005,order_000451,799.51,INR,upi,captured,2026-03-06T13:26:00,,
TXN100451,MERCH1002,order_000452,499.22,INR,netbanking,failed,2026-05-01T10:29:00,GATEWAY_TIMEOUT,Issuer declined the payment
TXN100452,MERCH1029,order_000453,999.55,INR,netbanking,captured,2026-05-05T06:55:00,,
TXN100453,MERCH1027,order_000454,499.68,INR,netbanking,captured,2026-04-09T01:13:00,,
TXN100454,MERCH1025,order_000455,4999.29,INR,wallet,captured,2026-02-04T07:54:00,,
TXN100455,MERCH1008,order_000456,4999.12,INR,upi,failed,2026-02-24T12:54:00,PG_502,Issuer declined the payment
TXN100456,MERCH1027,order_000457,7999.97,INR,card,captured,2026-05-22T18:34:00,,
TXN100457,MERCH1002,order_000458,2499.89,INR,upi,captured,2026-03-21T18:12:00,,
TXN100458,MERCH1003,order_000459,7999.17,INR,card,captured,2026-06-16T18:58:00,,
TXN100459,MERCH1001,order_000460,149.37,INR,wallet,captured,2026-01-26T09:58:00,,
TXN100460,MERCH1021,order_000461,7999.10,INR,netbanking,captured,2026-01-17T09:04:00,,
TXN100461,MERCH1029,order_000462,799.34,INR,card,captured,2026-05-07T02:06:00,,
TXN100462,MERCH1004,order_000463,2499.99,INR,wallet,refunded,2026-03-05T05:42:00,,
TXN100463,MERCH1004,order_000464,7999.13,INR,card,captured,2026-04-09T01:37:00,,
TXN100464,MERCH1024,order_000465,1499.74,INR,card,captured,2026-04-25T08:19:00,,
TXN100465,MERCH1003,order_000466,499.93,INR,card,captured,2026-03-03T05:18:00,,
TXN100466,MERCH1007,order_000467,149.26,INR,wallet,captured,2026-06-15T09:24:00,,
TXN100467,MERCH1016,order_000468,999.50,INR,card,captured,2026-01-04T21:49:00,,
TXN100468,MERCH1017,order_000469,999.39,INR,card,captured,2026-02-27T23:18:00,,
TXN100469,MERCH1014,order_000470,2499.87,INR,card,captured,2026-04-06T22:36:00,,
TXN100470,MERCH1015,order_000471,499.42,INR,card,captured,2026-01-12T00:10:00,,
TXN100471,MERCH1016,order_000472,7999.17,INR,card,captured,2026-03-13T12:01:00,,
TXN100472,MERCH1017,order_000473,799.05,INR,netbanking,captured,2026-01-21T11:17:00,,
TXN100473,MERCH1006,order_000474,499.93,INR,netbanking,captured,2026-02-12T19:19:00,,
TXN100474,MERCH1011,order_000475,499.22,INR,card,failed,2026-05-27T08:21:00,GATEWAY_TIMEOUT,Issuer declined the payment
TXN100475,MERCH1013,order_000476,499.62,INR,wallet,refunded,2026-06-06T04:30:00,,
TXN100476,MERCH1003,order_000477,1499.36,INR,netbanking,captured,2026-01-02T05:25:00,,
TXN100477,MERCH1025,order_000478,999.27,INR,netbanking,captured,2026-01-26T16:28:00,,
TXN100478,MERCH1002,order_000479,2499.06,INR,card,captured,2026-03-12T00:24:00,,
TXN100479,MERCH1001,order_000480,1499.32,INR,netbanking,captured,2026-05-07T03:44:00,,
TXN100480,MERCH1013,order_000481,7999.56,INR,wallet,captured,2026-05-26T18:55:00,,
TXN100481,MERCH1021,order_000482,2499.74,INR,wallet,captured,2026-04-26T22:59:00,,
TXN100482,MERCH1001,order_000483,149.45,INR,netbanking,captured,2026-05-14T07:22:00,,
TXN100483,MERCH1012,order_000484,1499.19,INR,netbanking,captured,2026-06-12T10:04:00,,
TXN100484,MERCH1004,order_000485,4999.26,INR,netbanking,captured,2026-06-03T10:59:00,,
TXN100485,MERCH1016,order_000486,299.91,INR,card,captured,2026-03-23T18:53:00,,
TXN100486,MERCH1021,order_000487,1499.68,INR,netbanking,captured,2026-03-02T01:15:00,,
TXN100487,MERCH1014,order_000488,2499.36,INR,wallet,captured,2026-04-07T22:36:00,,
TXN100488,MERCH1003,order_000489,799.70,INR,wallet,failed,2026-05-25T13:47:00,CARD_DECLINED,Issuer declined the payment
TXN100489,MERCH1010,order_000490,499.26,INR,card,captured,2026-03-29T04:04:00,,
TXN100490,MERCH1018,order_000491,499.75,INR,netbanking,captured,2026-01-06T10:09:00,,
TXN100491,MERCH1015,order_000492,1499.81,INR,netbanking,captured,2026-03-10T10:07:00,,
TXN100492,MERCH1018,order_000493,1499.06,INR,card,captured,2026-03-15T18:41:00,,
TXN100493,MERCH1016,order_000494,799.50,INR,netbanking,captured,2026-03-26T11:54:00,,
TXN100494,MERCH1004,order_000495,1499.46,INR,card,captured,2026-06-12T03:09:00,,
TXN100495,MERCH1022,order_000496,499.20,INR,card,captured,2026-02-18T16:00:00,,
TXN100496,MERCH1020,order_000497,7999.85,INR,upi,captured,2026-04-21T10:20:00,,
TXN100497,MERCH1003,order_000498,299.67,INR,netbanking,captured,2026-01-23T01:49:00,,
TXN100498,MERCH1004,order_000499,1499.20,INR,upi,captured,2026-03-22T18:50:00,,
TXN100499,MERCH1001,order_000500,799.99,INR,upi,captured,2026-03-05T05:32:00,,
